{
  "camera_1": {
    "points_img": [
      [
        412.0,
        396.0
      ],
      [
        104.0,
        283.0
      ],
      [
        260.0,
        149.0
      ],
      [
        491.0,
        203.0
      ]
    ],
    "H_overlay_tplPx2img": [
      [
        -0.7412103210773295,
        0.04827660117946917,
        523.4301071525709
      ],
      [
        0.05806555913023641,
        -0.16809365418844027,
        272.277164190182
      ],
      [
        -0.0003125012033399651,
        0.0009014374080624414,
        0.8233191385832571
      ]
    ],
    "H_world2img": [
      [
        -0.986089118949884,
        0.06422607695716519,
        315.54999118321285
      ],
      [
        0.07724908088279787,
        -0.22362792131499815,
        239.26873567272088
      ],
      [
        -0.00041574439468731496,
        0.0011992515406595672,
        1.0
      ]
    ],
    "intrinsics": {
      "k1": 0.0,
      "k2": 0.0,
      "enabled": false
    },
    "board_diameter_mm": 451.0,
    "rel_radii": {
      "bull_outer": 0.06,
      "bull_inner": 0.015,
      "triple_outer": 0.62,
      "triple_inner": 0.54,
      "double_inner": 0.94,
      "double_outer": 0.995
    },
    "overlay": {
      "alpha": 0.65,
      "wedge_angle_deg": 99.0
    }
  },
  "camera_2": {
    "points_img": [
      [
        457.0,
        104.0
      ],
      [
        540.0,
        287.0
      ],
      [
        173.0,
        301.0
      ],
      [
        215.0,
        115.0
      ]
    ],
    "H_overlay_tplPx2img": [
      [
        0.2780301236240274,
        -0.6858359926772221,
        465.6164588279958
      ],
      [
        0.14628453854355405,
        0.19490347800516097,
        80.53051219006379
      ],
      [
        -0.0007055854093105428,
        -0.0006670606181068622,
        1.4117938082252215
      ]
    ],
    "H_world2img": [
      [
        0.3698848651317438,
        -0.9124203893710271,
        343.2746981120374
      ],
      [
        0.19461357677634683,
        0.25929509268979284,
        182.8869171546783
      ],
      [
        -0.0009386945578410768,
        -0.0008874420640002601,
        1.0
      ]
    ],
    "intrinsics": {
      "k1": 0.0,
      "k2": 0.0,
      "enabled": false
    },
    "board_diameter_mm": 451.0,
    "rel_radii": {
      "bull_outer": 0.06,
      "bull_inner": 0.015,
      "triple_outer": 0.62,
      "triple_inner": 0.54,
      "double_inner": 0.94,
      "double_outer": 0.995
    },
    "overlay": {
      "alpha": 0.65,
      "wedge_angle_deg": 99.0
    }
  },
  "camera_3": {
    "points_img": [
      [
        108.0,
        190.0
      ],
      [
        330.0,
        114.0
      ],
      [
        512.0,
        233.0
      ],
      [
        252.0,
        375.0
      ]
    ],
    "H_overlay_tplPx2img": [
      [
        0.3842148706784437,
        0.6311851241675325,
        -3.476227428590164
      ],
      [
        -0.22414190720528862,
        0.04096236294849726,
        265.51124484655156
      ],
      [
        0.0008713457145193879,
        -0.000146876777802582,
        0.7826593189849582
      ]
    ],
    "H_world2img": [
      [
        0.5111506040067987,
        0.8397141341474933,
        301.1437710252027
      ],
      [
        -0.2981932246633551,
        0.054495383080040705,
        210.55738156951415
      ],
      [
        0.0011592182454803386,
        -0.0001954014782295991,
        1.0
      ]
    ],
    "intrinsics": {
      "k1": 0.0,
      "k2": 0.0,
      "enabled": false
    },
    "board_diameter_mm": 451.0,
    "rel_radii": {
      "bull_outer": 0.06,
      "bull_inner": 0.015,
      "triple_outer": 0.62,
      "triple_inner": 0.54,
      "double_inner": 0.94,
      "double_outer": 0.995
    },
    "overlay": {
      "alpha": 0.65,
      "wedge_angle_deg": 99.0
    }
  }
}